연번,업종명,업소명,소재지도로명,소재지지번,업태명
1,일반음식점,캔버스(CANBUS)카페 영대점,경상북도 경산시 대학로 285 (대동),경상북도 경산시 대동 170-7 ,까페
2,일반음식점,니모,경상북도 경산시 백양로35길 13 (사동),경상북도 경산시 사동 667-19 ,까페
3,일반음식점,켄고커피위크,경상북도 경산시 청운로 5 (대동),경상북도 경산시 대동 166-4 ,까페
4,일반음식점,민속레스카페,경상북도 경산시 중앙로18길 24 (삼북동),경상북도 경산시 삼북동 266-16 ,까페
5,일반음식점,카페리우,경상북도 경산시 진량읍 공단1로 28-1,경상북도 경산시 진량읍 신상리 373-4 ,까페
6,휴게음식점,공차 경산하양점,"경상북도 경산시 하양읍 하양로 35, 105동 123호 (하양3차우방타운)",경상북도 경산시 하양읍 금락리 130-8 하양우방3차타운 105/123호 ,커피숍
7,휴게음식점,삼성커피숍,경상북도 경산시 자인면 설총로 887,경상북도 경산시 자인면 동부리 253-4 ,커피숍
8,휴게음식점,다빈치,"경상북도 경산시 강변동로 278, 401동 1호 (대평동,(4층))",경상북도 경산시 대평동 439-7 (4층) 401동 1호,커피숍
9,휴게음식점,커피센티멘탈,"경상북도 경산시 진량읍 대구대로 252-1, 1,2층","경상북도 경산시 진량읍 내리리 94-7 1,2층 ",커피숍
10,휴게음식점,마시그래이삼풍점,경상북도 경산시 삼풍로 12 (삼풍동),경상북도 경산시 삼풍동 509-2 ,커피숍
11,휴게음식점,에그만나다,경상북도 경산시 중앙로 47 (중방동),경상북도 경산시 중방동 327-5 ,커피숍
12,휴게음식점,커피앤,경상북도 경산시 들뫼길31길 31 (유곡동),경상북도 경산시 유곡동 295-7 ,커피숍
13,휴게음식점,아틀리에빈 영남대점,"경상북도 경산시 대학로 279, 1, 2층 (대동)","경상북도 경산시 대동 163-4 (1,2층) ",커피숍
14,휴게음식점,코모커피,경상북도 경산시 경산로16길 2 (옥곡동),경상북도 경산시 옥곡동 816-1 ,커피숍
15,휴게음식점,로뎀,"경상북도 경산시 강변동로 358, 3층 (대평동)",경상북도 경산시 대평동 90-2 (3층) ,커피숍
16,휴게음식점,커피특별시(본점),경상북도 경산시 경안로 204 (중방동),경상북도 경산시 중방동 863-8 ,커피숍
17,휴게음식점,카페아베크,경상북도 경산시 하양읍 가마실길 50 (1층(열람실)),경상북도 경산시 하양읍 부호리 33 1층(열람실) ,커피숍
18,휴게음식점,더리터 영대점,경상북도 경산시 청운로 13-2 (대동),경상북도 경산시 대동 154-20 ,커피숍
19,휴게음식점,허브에스,"경상북도 경산시 하양읍 하양로 13-13, 대구가톨릭대학교 학생회관",경상북도 경산시 하양읍 금락리 산 35 대구가톨릭대학교 학생회관 ,커피숍
20,휴게음식점,몬스터커피 대구대점,경상북도 경산시 진량읍 대구대로 240,경상북도 경산시 진량읍 내리리 108-5 ,커피숍
21,휴게음식점,파스쿠찌경산하양점,"경상북도 경산시 하양읍 하양로 52, 1,2층","경상북도 경산시 하양읍 금락리 116-358 1,2층 ",커피숍
22,휴게음식점,필그림,경상북도 경산시 진량읍 공단로 570,경상북도 경산시 진량읍 봉회리 105 ,커피숍
23,휴게음식점,GS25 경산옥산점,경상북도 경산시 경산로44길 11 (옥산동),경상북도 경산시 옥산동 731-1 ,커피숍
24,휴게음식점,팬도로시 한의대점,"경상북도 경산시 한의대로 1, M동 3층 (유곡동, 대구한의대 학술정보관)",경상북도 경산시 유곡동 290-1 대구한의대 M동 ,커피숍
25,휴게음식점,베로에스프레소,경상북도 경산시 성암로 45 (옥산동),경상북도 경산시 옥산동 863-6 ,커피숍
26,휴게음식점,카페리코 계양점,경상북도 경산시 계양로35길 2 (계양동),경상북도 경산시 계양동 117-4 ,커피숍
27,휴게음식점,파가니니,경상북도 경산시 진량읍 대구대로 201,경상북도 경산시 진량읍 내리리 15 ,커피숍
28,휴게음식점,아인스,경상북도 경산시 원효로36길 22 (사동),경상북도 경산시 사동 576-1 ,커피숍
29,휴게음식점,씨코드커피,"경상북도 경산시 대학로 58, 111동 5, 6호 (정평동)","경상북도 경산시 정평동 138-4 경산2차우방맨션 111동 5, 6호",커피숍
30,휴게음식점,커피트리,경상북도 경산시 자인면 원효로 737-6,경상북도 경산시 자인면 서부리 624-7 ,커피숍
31,휴게음식점,씨유(CU)호산대점,"경상북도 경산시 하양읍 대경로105길 19, 실습동 (호산대학교)",경상북도 경산시 하양읍 부호리 224-1 호산대학교 실습동 ,커피숍
32,휴게음식점,카페휴,"경상북도 경산시 삼성현로 190, 2층 (사정동)",경상북도 경산시 사정동 238-2 2층 ,커피숍
33,휴게음식점,예쁜커피나무,"경상북도 경산시 하양읍 대학로 1543, A동 38호 (하양공설시장)",경상북도 경산시 하양읍 금락리 35-6 하양공설시장 A동 38호,커피숍
34,휴게음식점,투썸플레이스 대구영남대점,"경상북도 경산시 대학로 285, 2층 (대동)",경상북도 경산시 대동 170-7 2층 ,커피숍
35,휴게음식점,카페(cafe)24/7,경상북도 경산시 압량읍 압독3로 7,경상북도 경산시 압량읍 신대리 468 ,커피숍
36,휴게음식점,스타벅스 대구가톨릭대점,경상북도 경산시 하양읍 하양로 18,경상북도 경산시 하양읍 금락리 229-13 ,커피숍
37,휴게음식점,봄봄경산사동점,"경상북도 경산시 백자로10길 3-11, 108-2호 (사동)",경상북도 경산시 사동 39 108-2호,커피숍
38,휴게음식점,아르떼,경상북도 경산시 대학로 307 (조영동),경상북도 경산시 조영동 282-5 ,커피숍
39,휴게음식점,카페티니,경상북도 경산시 경산로 147-4 (사정동),경상북도 경산시 사정동 26-2 ,커피숍
40,휴게음식점,이디야커피경산오거리점,"경상북도 경산시 경안로 186, 1,2층 (중방동)",경상북도 경산시 중방동 870-6 ,커피숍
41,휴게음식점,작은카페,"경상북도 경산시 진량읍 선화로20길 23-1, 107동 104호 (윤성아파트)",경상북도 경산시 진량읍 선화리 1089 ,커피숍
42,휴게음식점,쿠키정원,경상북도 경산시 백양로35길 11 (사동),경상북도 경산시 사동 667-18 ,커피숍
43,휴게음식점,더아트라움카페,경상북도 경산시 계양로 38 (계양동),경상북도 경산시 계양동 681 ,커피숍
44,휴게음식점,카페캔버스,"경상북도 경산시 백자로 58, 105호 (사동)",경상북도 경산시 사동 41 105호,커피숍
45,휴게음식점,레프트뱅크 영남대점,경상북도 경산시 청운1로 34 (조영동),경상북도 경산시 조영동 581-9 ,커피숍
46,휴게음식점,스타벅스 영남대중앙도서관점,"경상북도 경산시 대학로 280 (대동, 중앙도서관)",경상북도 경산시 대동 214-1 중앙도서관 ,커피숍
47,휴게음식점,스타벅스 영남대아트센터점,"경상북도 경산시 대학로 280 (대동, 영남대학교60주년기념관대공연장)",경상북도 경산시 대동 214-1 영남대학교60주년기념관대공연장 ,커피숍
48,휴게음식점,카페조감도,"경상북도 경산시 삼성현로 484-2, 다동 1, 2층 (사동)","경상북도 경산시 사동 432-2 1, 2층 다동 ",커피숍
49,휴게음식점,카페이음대구대점,"경상북도 경산시 진량읍 대구대로 201, 2층 (제2학생회관)",경상북도 경산시 진량읍 내리리 15 제2학생회관 ,커피숍
50,휴게음식점,내일은맑음,경상북도 경산시 원효로22길 26 (계양동),경상북도 경산시 계양동 678-7 ,커피숍
51,휴게음식점,투썸플레이스경산사동점,"경상북도 경산시 백자로 55, 1, 2층 (사동)","경상북도 경산시 사동 33 1, 2층 ",커피숍
52,휴게음식점,커피이즈,경상북도 경산시 압량읍 압독3로2길 16,경상북도 경산시 압량읍 신대리 581 ,커피숍
53,휴게음식점,복고다방경산시장점,"경상북도 경산시 중앙로16길 12, 2호 (중방동)",경상북도 경산시 중방동 874-26 2호,커피숍
54,휴게음식점,커피맘,경상북도 경산시 하양읍 대경로159길 23-1,경상북도 경산시 하양읍 동서리 640-22 ,커피숍
55,휴게음식점,투썸플레이스대구한의대갤러리점,"경상북도 경산시 한의대로 1, 바동 (유곡동, 대구한의대학교(12호관))",경상북도 경산시 유곡동 290-1 대구한의대학교(12호관) 바동 ,커피숍
56,휴게음식점,매일유업(주)고객행복매장,경상북도 경산시 진량읍 대학로 1092,경상북도 경산시 진량읍 신상리 998-2 ,커피숍
57,휴게음식점,마사커피하양점,"경상북도 경산시 하양읍 대학로 1527, A동 1,2층","경상북도 경산시 하양읍 금락리 135-122 A동 1,2층 ",커피숍
58,휴게음식점,예술마을커피가게,경상북도 경산시 중앙로 14-1 (사정동),경상북도 경산시 사정동 50-8 ,커피숍
59,휴게음식점,카페폰드,"경상북도 경산시 계양로37길 27-1, 1,2층 (계양동)",경상북도 경산시 계양동 168-9 ,커피숍
60,휴게음식점,커피왕하양점,경상북도 경산시 하양읍 하양로 96,경상북도 경산시 하양읍 금락리 133-51 ,커피숍
61,휴게음식점,원피스커피(1 PIECE COFFEE),"경상북도 경산시 청운로 17, 2층 (대동)",경상북도 경산시 대동 157-3 ,커피숍
62,휴게음식점,카페공감,"경상북도 경산시 중앙로 22, B동 (사정동)",경상북도 경산시 사정동 301-10 B동 ,커피숍
63,휴게음식점,마시그래이(영대점),경상북도 경산시 청운로 25 (대동),경상북도 경산시 대동 153-1 ,커피숍
64,휴게음식점,뉴 욕쟁이 디저트 경산하양점,"경상북도 경산시 하양읍 대학로298길 18, 1층",경상북도 경산시 하양읍 금락리 393-2 1층 ,커피숍
65,휴게음식점,더리터 경산사동점,"경상북도 경산시 백자로 61, 106호 (사동)",경상북도 경산시 사동 31 106호,커피숍
66,휴게음식점,공차,경상북도 경산시 중앙로 39 (중방동),경상북도 경산시 중방동 332-13 ,커피숍
67,휴게음식점,핑크래빗,"경상북도 경산시 대학로12길 29-1, 106호 (정평동)",경상북도 경산시 정평동 230-32 106호,커피숍
68,휴게음식점,팜팜,"경상북도 경산시 자인면 일연로 274, 주2동",경상북도 경산시 자인면 단북리 251 주2동 ,커피숍
69,휴게음식점,커피왕옥곡점,경상북도 경산시 경산로 45 (옥곡동),경상북도 경산시 옥곡동 823-13 ,커피숍
70,휴게음식점,라벨라수,경상북도 경산시 경안로41길 51-8 (중방동),경상북도 경산시 중방동 319-100 ,커피숍
71,휴게음식점,라프루따,"경상북도 경산시 펜타힐즈2로 65, 펜타힐즈 더원 117호 (중산동)",경상북도 경산시 중산동 633 펜타힐즈 더원 117호,커피숍
72,휴게음식점,커피왕자인점,경상북도 경산시 자인면 일연로 68,경상북도 경산시 자인면 서부리 2-1 ,커피숍
73,휴게음식점,엘아르카,경상북도 경산시 백양로29길 3-11 (사동),경상북도 경산시 사동 86 ,커피숍
74,휴게음식점,아틀리에빈(신대부적점),"경상북도 경산시 압량읍 화랑로 283, 1,2층",경상북도 경산시 압량읍 부적리 568 ,커피숍
75,휴게음식점,카페101,"경상북도 경산시 청운로 30, A동 2층 (조영동)",경상북도 경산시 조영동 280-44 ,커피숍
76,휴게음식점,카페봄봄(신대부적점),"경상북도 경산시 압량읍 압독3로 30, 101호 (경산코아루아파트 상가)",경상북도 경산시 압량읍 신대리 481 ,커피숍
77,휴게음식점,봄봄대구한의대점,"경상북도 경산시 들뫼길31길 35, A동 (유곡동)",경상북도 경산시 유곡동 293-2 A동 ,커피숍
78,휴게음식점,카페803,경상북도 경산시 와촌면 갓바위로 550,경상북도 경산시 와촌면 대한리 572 ,커피숍
79,휴게음식점,카페에이디(AD),경상북도 경산시 압량읍 대학로 360-1,경상북도 경산시 압량읍 부적리 528 ,커피숍
80,휴게음식점,팔공티 하양점,경상북도 경산시 하양읍 하양로 55-1,경상북도 경산시 하양읍 금락리 131-98 ,커피숍
81,휴게음식점,나잇앤데이(night&day),"경상북도 경산시 진량읍 대구대로 214, 1,2층",경상북도 경산시 진량읍 내리리 451-20 ,커피숍
82,휴게음식점,나들이카페,경상북도 경산시 옥산로 41 (사정동),경상북도 경산시 사정동 99 ,커피숍
83,휴게음식점,봄봄(진량점),경상북도 경산시 진량읍 공단1로 5,경상북도 경산시 진량읍 신상리 349-12 ,커피숍
84,휴게음식점,카페봄봄백천점,경상북도 경산시 경청로221길 9 (백천동),경상북도 경산시 백천동 572-2 ,커피숍
85,휴게음식점,카페봄봄경일대점,경상북도 경산시 하양읍 가마실길 46,경상북도 경산시 하양읍 부호리 274 ,커피숍
86,휴게음식점,커피왕영대점,경상북도 경산시 대학로61길 2 (조영동),경상북도 경산시 조영동 285-4 ,커피숍
87,휴게음식점,세진세차기 거너스본점,"경상북도 경산시 화랑로 184, 1,2층 (갑제동)","경상북도 경산시 갑제동 141-5 1,2층 ",커피숍
88,휴게음식점,그라찌에 대구대 동편복지관점,"경상북도 경산시 진량읍 대구대로 201, 2층 (89, 동편학생복지관 )","경상북도 경산시 진량읍 내리리 15 89, 동편학생복지관 2층 ",커피숍
89,휴게음식점,투썸플레이스경산하양점,"경상북도 경산시 하양읍 하양로 58, 1~2층 (106호, 202호)","경상북도 경산시 하양읍 금락리 116-247 106호, 202호(1층~2층) ",커피숍
90,휴게음식점,카페벨라,"경상북도 경산시 와촌면 팔공로 179, 1층",경상북도 경산시 와촌면 음양리 711 1층 ,커피숍
91,휴게음식점,투썸플레이스경산신대점,"경상북도 경산시 압량읍 대학로 365, 1층",경상북도 경산시 압량읍 부적리 507-4 1층 ,커피숍
92,휴게음식점,마시그래이(신대부적점),"경상북도 경산시 압량읍 압독2로2길 38, 1층 3호",경상북도 경산시 압량읍 신대리 428 1층 3호,커피숍
93,휴게음식점,아틀리에빈상방점,경상북도 경산시 남매로 54 (상방동),경상북도 경산시 상방동 72-3 ,커피숍
94,휴게음식점,더리터 정평옥산점,"경상북도 경산시 강변서로51길 3, 1층 (정평동)",경상북도 경산시 정평동 246-92 1층 ,커피숍
95,휴게음식점,대경브루잉뱅크,"경상북도 경산시 자인면 단북1길 65, 디자인동",경상북도 경산시 자인면 단북리 63 ,커피숍
96,휴게음식점,꼬깜,"경상북도 경산시 백천길 107-22, 1층 (백천동)",경상북도 경산시 백천동 548 1층 ,커피숍
97,휴게음식점,룩센트,"경상북도 경산시 하양읍 하양로 15, 1~2층",경상북도 경산시 하양읍 금락리 237 1~2층 ,커피숍
98,휴게음식점,스타벅스 경산중방DT점,"경상북도 경산시 경안로 222, 1~2층 (중방동)",경상북도 경산시 중방동 847-6 1~2층 ,커피숍
99,휴게음식점,메가엠지씨커피 영남대점,"경상북도 경산시 대학로 323, 1층 (조영동)",경상북도 경산시 조영동 249-6 1층 ,커피숍
100,휴게음식점,커피왕정평점,경상북도 경산시 대학로8길 21 (정평동),경상북도 경산시 정평동 207-1 ,커피숍
101,휴게음식점,카페봄봄(경산중방점),"경상북도 경산시 중앙로 76-1, 1층 (중방동)",경상북도 경산시 중방동 538-17 1층 ,커피숍
102,휴게음식점,디모그,"경상북도 경산시 원효로 76, 1, 2층 (계양동)","경상북도 경산시 계양동 510 1, 2층 ",커피숍
103,휴게음식점,송림커피,"경상북도 경산시 와촌면 갓바위로 67-7, 1~2층",경상북도 경산시 와촌면 신한리 384 외 1필지 ,커피숍
104,휴게음식점,평광커피,"경상북도 경산시 경산로44길 31, 상가28동 112호 (옥산동, 옥산신화평광아파트)",경상북도 경산시 옥산동 725-2 옥산신화평광아파트 상가28동 112호,커피숍
105,휴게음식점,빽다방 경산하양중앙점,경상북도 경산시 하양읍 하양로 72,경상북도 경산시 하양읍 금락리 116-5 ,커피숍
106,휴게음식점,쓰리에프(3F),"경상북도 경산시 진량읍 대구대로 244, 3층",경상북도 경산시 진량읍 내리리 100-7 3층 ,커피숍
107,휴게음식점,마고플레인,"경상북도 경산시 진량읍 대학로 1383-1, 1-2층",경상북도 경산시 진량읍 부기리 473-12 1-2층 ,커피숍
108,휴게음식점,이디야커피 경산홈플러스점,"경상북도 경산시 경안로 288, 2층 (중방동)","경상북도 경산시 중방동 896 홈플러스 경산점, 2층 ",커피숍
109,휴게음식점,데일리레코드(daily record),"경상북도 경산시 대학로53길 8, 1층 (대동)",경상북도 경산시 대동 159 1층 ,커피숍
110,휴게음식점,카페데로토,"경상북도 경산시 압량읍 주들길 9, 1층",경상북도 경산시 압량읍 신대리 130 1층 ,커피숍
111,휴게음식점,카페산토리니마을,"경상북도 경산시 유곡길 183-29, 1,2층 (여천동)","경상북도 경산시 여천동 623-2 1,2층 ",커피숍
112,휴게음식점,주브(JUVE),경상북도 경산시 경산로16길 15 (옥곡동),경상북도 경산시 옥곡동 812-10 ,커피숍
113,휴게음식점,이디야커피(EDIYA COFFEE),"경상북도 경산시 백자로 117, 1,2층 101,201호 (사동)","경상북도 경산시 사동 584-4 101,201호 ",커피숍
114,휴게음식점,주식회사 다무푸드빌,"경상북도 경산시 진량읍 대구대로 201, 대구대학교경산캠퍼스 10, 학생생활관(웅지관) 1층","경상북도 경산시 진량읍 내리리 15 대구대학교경산캠퍼스 10, 학생생활관(웅지관), 1층 ",커피숍
115,휴게음식점,우즈커피,"경상북도 경산시 남매로 219, 1층 (중방동)",경상북도 경산시 중방동 823-1 ,커피숍
116,휴게음식점,도화지,"경상북도 경산시 와촌면 대한길 45-27, 1층",경상북도 경산시 와촌면 대한리 131-4 1층 ,커피숍
117,휴게음식점,듦,"경상북도 경산시 와촌면 대한길 30, 1층",경상북도 경산시 와촌면 대한리 139-4 1층 ,커피숍
118,휴게음식점,쏠트(SALT)3.5,경상북도 경산시 경산로40길 24 (옥산동),경상북도 경산시 옥산동 747-7 ,커피숍
119,휴게음식점,카페마샬,경상북도 경산시 경산로42길 4 (옥산동),경상북도 경산시 옥산동 743-2 ,커피숍
120,휴게음식점,핸즈커피진량점,"경상북도 경산시 진량읍 공단로 453, 1~2층",경상북도 경산시 진량읍 신상리 207-6 1층~2층 ,커피숍
121,휴게음식점,더리터,"경상북도 경산시 진량읍 공단1로1길 76, 햇빛촌 1층",경상북도 경산시 진량읍 신상리 354-10 햇빛촌 ,커피숍
122,휴게음식점,홍혜당,"경상북도 경산시 중앙로 2, 2층 (사정동)",경상북도 경산시 사정동 83 2층 ,커피숍
123,휴게음식점,01월 05일,경상북도 경산시 경안로33길 29 (서상동),경상북도 경산시 서상동 1-5 ,커피숍
124,휴게음식점,코지커피 스탠드,"경상북도 경산시 남매로 253, 라동 (중방동)",경상북도 경산시 중방동 96-1 ,커피숍
125,휴게음식점,베리트로스팅하우스,"경상북도 경산시 펜타힐즈2로 37, 힐즈스퀘어3 703호 (중산동)",경상북도 경산시 중산동 637-2 힐즈스퀘어3 703호,커피숍
126,휴게음식점,커피카고,"경상북도 경산시 중방로 119, 1, 2층 (계양동)","경상북도 경산시 계양동 68-1 1, 2층 ",커피숍
127,휴게음식점,호미(Homi),경상북도 경산시 삼성현로15길 46 (옥산동),경상북도 경산시 옥산동 820-2 ,커피숍
128,휴게음식점,공차 영남대점,"경상북도 경산시 대학로 299, 107호 (조영동)",경상북도 경산시 조영동 280-5 107호,커피숍
129,휴게음식점,컴포즈커피(경산NC점),"경상북도 경산시 중앙로 39, 4층 (중방동)",경상북도 경산시 중방동 332-13 4층 ,커피숍
130,휴게음식점,아름다운 삶의 공간,경상북도 경산시 남산면 하남로 286-8,경상북도 경산시 남산면 사월리 168-1 ,커피숍
131,휴게음식점,마시카롱,"경상북도 경산시 청운2로 74, 101동 지하1층 상가107호 (조영동, 강산애아파트 2차)",경상북도 경산시 조영동 572-1 강산애아파트 2차 지하1층 101동 상가107호,커피숍
132,휴게음식점,러빗커피(LOVIT COFFEE),경상북도 경산시 진량읍 대구대로60길 5-10,경상북도 경산시 진량읍 평사(坪)리 30-11 ,커피숍
133,휴게음식점,마고플레인B,"경상북도 경산시 진량읍 대학로 1383-1, 다동 1~2층",경상북도 경산시 진량읍 부기리 473-12 다동 ,커피숍
134,휴게음식점,카페 엔라포토,"경상북도 경산시 선비길2길 44, 1,2층 (사정동)","경상북도 경산시 사정동 101-3 1,2층 ",커피숍
135,휴게음식점,로터스101 커피숍,경상북도 경산시 화랑로8길 204 (갑제동),경상북도 경산시 갑제동 101-1 ,커피숍
136,휴게음식점,풀꽃뜨락,경상북도 경산시 와촌면 대한길 37-3,경상북도 경산시 와촌면 대한리 124-6 ,커피숍
137,휴게음식점,카페 윤슬,경상북도 경산시 경안로29길 36 (서상동),경상북도 경산시 서상동 5-1 ,커피숍
138,휴게음식점,악당베이커리,"경상북도 경산시 펜타힐즈2로 25, 힐즈스퀘어4 1층 109호 (중산동)",경상북도 경산시 중산동 638-1 힐즈스퀘어4 109호,커피숍
139,휴게음식점,카페소셜랲,"경상북도 경산시 경산로 149, 2층 (사정동)",경상북도 경산시 사정동 20-25 2층 ,커피숍
140,휴게음식점,단스부띠끄,경상북도 경산시 대학로28길 39 (중방동),경상북도 경산시 중방동 825-5 ,커피숍
141,휴게음식점,감성연구소 수다수다,"경상북도 경산시 펜타힐즈2로 59, S-테라스 304호 (중산동)",경상북도 경산시 중산동 635 S-테라스 304호,커피숍
142,휴게음식점,카페이웃집수달,경상북도 경산시 한의대로 136 (점촌동),경상북도 경산시 점촌동 60-11 ,커피숍
143,휴게음식점,다와커피,경상북도 경산시 와촌면 금송로 464,경상북도 경산시 와촌면 동강리 97-1 ,커피숍
144,휴게음식점,커피랑 디저트랑,경상북도 경산시 하양읍 하양로 161,경상북도 경산시 하양읍 동서리 552-6 ,커피숍
145,휴게음식점,메가엠지씨커피 대구대학점,경상북도 경산시 진량읍 대구대로 244,경상북도 경산시 진량읍 내리리 100-7 ,커피숍
146,휴게음식점,게으른농담,경상북도 경산시 하양읍 동서1길 30-3,경상북도 경산시 하양읍 동서리 562-8 ,커피숍
147,휴게음식점,믹스 브로스(Mix bros),"경상북도 경산시 자인면 단북1길 65, 대경대학교 본동",경상북도 경산시 자인면 단북리 63 대경대학교 본동 ,커피숍
148,휴게음식점,엘아르카 오로라 백천점,"경상북도 경산시 경청로222길 30, 경산삼도뷰엔빌W 301동 지1층 105호 (백천동)",경상북도 경산시 백천동 619 경산삼도뷰엔빌W 301동 105호,커피숍
149,휴게음식점,파라글로우,"경상북도 경산시 진량읍 공단7로 3, A동 2층",경상북도 경산시 진량읍 대원리 494 2층 A동 ,커피숍
150,휴게음식점,이디야커피 하양무학점,"경상북도 경산시 하양읍 서사도리7로 17, 1층",경상북도 경산시 하양읍 서사리 302 1층 ,커피숍
151,휴게음식점,"다시,봄(CAFE&MARKET)","경상북도 경산시 장산로 201, 1층 (상방동)",경상북도 경산시 상방동 2-1 ,커피숍
152,휴게음식점,공차 경산사동점,"경상북도 경산시 백자로10길 1, 104,105호 (사동)","경상북도 경산시 사동 43 104,105호 ",커피숍
153,휴게음식점,소소한카페,경상북도 경산시 자인면 단북길 89-2,경상북도 경산시 자인면 단북리 146-1 ,커피숍
154,휴게음식점,너와함께한하루,경상북도 경산시 성암로13길 21 (옥산동),경상북도 경산시 옥산동 853-2 ,커피숍
155,휴게음식점,데이온,"경상북도 경산시 경안로22길 11, 1층 (삼북동)",경상북도 경산시 삼북동 56-2 ,커피숍
156,휴게음식점,모네드,"경상북도 경산시 진량읍 대구대로 201, 대구대학교 종합복지관 1층",경상북도 경산시 진량읍 내리리 15 대구대학교 종합복지관 ,커피숍
157,휴게음식점,몬스터커피 영남대점,"경상북도 경산시 대학로 299, 101호 (조영동)",경상북도 경산시 조영동 280-5 101호,커피숍
158,휴게음식점,아틀리에빈 계양점,경상북도 경산시 백양로 100 (사동),경상북도 경산시 사동 5 ,커피숍
159,휴게음식점,헤븐카페(Heaven cafe),"경상북도 경산시 하양읍 가마실길 50, 경일대학교 중앙도서관 6층",경상북도 경산시 하양읍 부호리 33 경일대학교 중앙도서관 6층 ,커피숍
160,휴게음식점,더벤티 경산중방점,경상북도 경산시 경안로38길 17 (중방동),경상북도 경산시 중방동 863-1 ,커피숍
161,휴게음식점,이인상베이커리카페,"경상북도 경산시 삼성현로 10-4, 1층 (옥산동)",경상북도 경산시 옥산동 677-5 ,커피숍
162,휴게음식점,롤링핀(경산점),"경상북도 경산시 경안로50길 6, C동 (중방동)",경상북도 경산시 중방동 837-1 ,커피숍
163,휴게음식점,카페507,경상북도 경산시 압량읍 인안길20길 81,경상북도 경산시 압량읍 인안리 50-7 ,커피숍
164,휴게음식점,크레센트,경상북도 경산시 경청로230길 19 (백천동),경상북도 경산시 백천동 115-4 ,커피숍
165,휴게음식점,아마스빈 경산하양점,"경상북도 경산시 하양읍 하양로 76, 1층",경상북도 경산시 하양읍 금락리 116-8 ,커피숍
166,휴게음식점,마실커피 영남대점,"경상북도 경산시 대학로61길 19, 1층 (조영동)",경상북도 경산시 조영동 580-8 삼영원룸 ,커피숍
167,휴게음식점,이디야커피(정평점),경상북도 경산시 대학로13길 89 (정평동),경상북도 경산시 정평동 177-4 ,커피숍
168,휴게음식점,빽다방 경산옥곡점,경상북도 경산시 경산로16길 2-6 (옥곡동),경상북도 경산시 옥곡동 816-4 ,커피숍
169,휴게음식점,커피브라운,"경상북도 경산시 진량읍 공단9로 75, 103호",경상북도 경산시 진량읍 신제리 549 103호,커피숍
170,휴게음식점,마시그래이(대가대점),"경상북도 경산시 하양읍 하양로 13-13, 대구가톨릭대학교 관리동",경상북도 경산시 하양읍 금락리 산 35 대구가톨릭대학교 관리동 ,커피숍
171,휴게음식점,해르트,"경상북도 경산시 하양읍 하양로 45, 205호",경상북도 경산시 하양읍 금락리 131-40 205호,커피숍
172,휴게음식점,하삼동(펜타힐즈점),"경상북도 경산시 펜타힐즈2로 37, 힐즈스퀘어3 1층 103호 (중산동)",경상북도 경산시 중산동 637-2 힐즈스퀘어3 103호,커피숍
173,휴게음식점,콤마위치,"경상북도 경산시 경청로 1105, 금강빌딩 1층 (백천동)",경상북도 경산시 백천동 574-5 금강빌딩 ,커피숍
174,휴게음식점,더리터 펜타힐즈점,"경상북도 경산시 펜타힐즈2로 65, 펜타힐즈 더원 110호 (중산동)",경상북도 경산시 중산동 633 펜타힐즈 더원 110호,커피숍
175,휴게음식점,메가엠지씨커피 경산하양점,"경상북도 경산시 하양읍 하양로 66, 1층 4호",경상북도 경산시 하양읍 금락리 116-377 4호,커피숍
176,휴게음식점,이디야커피 진량점,경상북도 경산시 진량읍 공단로 479,경상북도 경산시 진량읍 신상리 183-10 ,커피숍
177,휴게음식점,빅핸즈,"경상북도 경산시 삼풍로 27, 경북테크노파크 본부동 1층 (삼풍동)",경상북도 경산시 삼풍동 300 경북테크노파크 본부동 1층 ,커피숍
178,휴게음식점,별빛정원,경상북도 경산시 와촌면 팔공로 45-10,경상북도 경산시 와촌면 음양리 913-19 ,커피숍
179,휴게음식점,어벤더치 경산점,"경상북도 경산시 대학로 47, 정평현대타운  상가동 104호 (정평동)",경상북도 경산시 정평동 130 정평현대타운 상가동 104호,커피숍
180,휴게음식점,온더비전,"경상북도 경산시 성암로21길 39, 2층 (옥산동)",경상북도 경산시 옥산동 726-7 2층 ,커피숍
181,휴게음식점,모리커피 영남대점,"경상북도 경산시 대학로 299, 104호 (조영동)",경상북도 경산시 조영동 280-5 104호,커피숍
182,휴게음식점,하랑커피,경상북도 경산시 중방로 115-2 (계양동),경상북도 경산시 계양동 243-9 ,커피숍
183,휴게음식점,빠넬라(PANELA),"경상북도 경산시 장산로 339, 1층 (사동)",경상북도 경산시 사동 652-9 1층 ,커피숍
184,휴게음식점,소월30.5(sowol30.5),"경상북도 경산시 와촌면 금송로 407, 1,2층","경상북도 경산시 와촌면 소월리 30-5 1,2층 ",커피숍
185,휴게음식점,매머드커피 익스프레스 경산중산점,"경상북도 경산시 경산로 267, 1층 (중산동)",경상북도 경산시 중산동 569-1 1층 ,커피숍
186,휴게음식점,카페 꽃이피다 경산점,경상북도 경산시 성암로9길 25 (옥산동),경상북도 경산시 옥산동 830-4 ,커피숍
187,휴게음식점,봄봄 임당점,"경상북도 경산시 남매공원로1길 9, 임당타워 107호 (계양동)",경상북도 경산시 계양동 717 임당타워 107호,커피숍
188,휴게음식점,헤븐카페(Heaven cafe) 공원점,"경상북도 경산시 하양읍 가마실길 50, 경일대학교 28동",경상북도 경산시 하양읍 부호리 33 경일대학교 28동 ,커피숍
189,휴게음식점,아바나102(AVANA102),경상북도 경산시 진량읍 부림로 273-7,경상북도 경산시 진량읍 상림리 130-17 ,커피숍
190,휴게음식점,블루포트 대구가톨릭대도서관점,"경상북도 경산시 하양읍 하양로 13-13, 대구가톨릭대학교 중앙도서관 지하1층",경상북도 경산시 하양읍 금락리 산 35 대구가톨릭대학교 중앙도서관 지하1층 ,커피숍
191,휴게음식점,블루포트 대구가톨릭대취창업관점,"경상북도 경산시 하양읍 하양로 13-13, 대구가톨릭대학교 취창업센터동",경상북도 경산시 하양읍 금락리 산 35 대구가톨릭대학교 취창업센터동 ,커피숍
192,휴게음식점,스텔라,경상북도 경산시 들뫼길 306 (점촌동),경상북도 경산시 점촌동 342 ,커피숍
193,휴게음식점,호미호시,경상북도 경산시 원효로 275 (갑제동),경상북도 경산시 갑제동 산 87-2 ,커피숍
194,휴게음식점,그라찌에 영남대 외국어교육원점,"경상북도 경산시 대학로 280, 영남대학교 외국어교육원 (대동)",경상북도 경산시 대동 214-1 영남대학교 외국어교육원 ,커피숍
195,휴게음식점,플라플로(PLFL),"경상북도 경산시 대학로 281-1, 7층 (대동)",경상북도 경산시 대동 166-6 7층 ,커피숍
196,휴게음식점,빙수제이 경산점,"경상북도 경산시 성암로21길 47, 나동 108호 (옥산동)",경상북도 경산시 옥산동 726-3 나동 108호,커피숍
197,휴게음식점,텐퍼센트 경산영남대점,경상북도 경산시 대학로59길 18 (조영동),경상북도 경산시 조영동 578-16 ,커피숍
198,휴게음식점,카페125,"경상북도 경산시 하양읍 가마실길 50, 경일대학교 학생회관",경상북도 경산시 하양읍 부호리 33 경일대학교 학생회관 ,커피숍
199,휴게음식점,이터널(Eternal),경상북도 경산시 백양로34길 15-4 (사동),경상북도 경산시 사동 675-8 ,커피숍
200,휴게음식점,월든,경상북도 경산시 경안로21길 17-2 (삼남동),경상북도 경산시 삼남동 68 ,커피숍
201,휴게음식점,드라이브 커피,경상북도 경산시 하양읍 화성로 317,경상북도 경산시 하양읍 대조리 753-4 ,커피숍
202,휴게음식점,올더모어,"경상북도 경산시 하양읍 문화로 90, 1,2,3층",경상북도 경산시 하양읍 도리리 113-4 ,커피숍
203,휴게음식점,킴스,경상북도 경산시 중앙로 3-2 (사정동),경상북도 경산시 사정동 39-4 ,커피숍
204,휴게음식점,낭만아트,경상북도 경산시 경청로217길 7-2 (백천동),경상북도 경산시 백천동 584-15 ,커피숍
205,휴게음식점,슈뢰딩거(Schrodinger),경상북도 경산시 와촌면 불굴사길 2-6,경상북도 경산시 와촌면 신한리 506-6 ,커피숍
206,휴게음식점,더리터 신대부적점,"경상북도 경산시 압량읍 압독3로 30, 경산코아루상가동 102호",경상북도 경산시 압량읍 신대리 481 경산코아루상가동 102호,커피숍
207,휴게음식점,쉴만한 물가,경상북도 경산시 원효로 176 (사동),경상북도 경산시 사동 559-2 ,커피숍
208,휴게음식점,오호(OHO)커피,"경상북도 경산시 백자로 76, 104호 (사동)",경상북도 경산시 사동 36 104호,커피숍
209,휴게음식점,스크류미 케이쿠키(SCRUMMY CAKOOKIE),경상북도 경산시 하양읍 대학로305길 33,경상북도 경산시 하양읍 금락리 116-172 ,커피숍
210,휴게음식점,엘린,"경상북도 경산시 원효로40길 64, 1층 (사동)",경상북도 경산시 사동 607-3 1층 ,커피숍
211,휴게음식점,카페(cafe) 백서향,경상북도 경산시 대학로12길 21-2 (정평동),경상북도 경산시 정평동 230-13 ,커피숍
212,휴게음식점,카페테라스&꼬마김밥,경상북도 경산시 진량읍 일연로 745-20,경상북도 경산시 진량읍 선화리 481 ,커피숍
213,휴게음식점,까사델제주,"경상북도 경산시 원효로40길 23-7, 1층 (사동)",경상북도 경산시 사동 580-13 1층 ,커피숍
214,휴게음식점,베러먼데이 경산자인점,경상북도 경산시 자인면 북사로 27,경상북도 경산시 자인면 북사리 81-12 ,커피숍
215,휴게음식점,핸썸커피 중산점,"경상북도 경산시 펜타힐즈2로 57, 펜타힐즈SM타워 114호 (중산동)",경상북도 경산시 중산동 635-1 펜타힐즈SM타워 114호,커피숍
216,휴게음식점,스타벅스 경산임당역DT점,"경상북도 경산시 대학로 208, 1,2층 (계양동)","경상북도 경산시 계양동 266 1,2층 ",커피숍
217,휴게음식점,파스마(PASMA),"경상북도 경산시 한의대로 96, 1, 2층 (점촌동)","경상북도 경산시 점촌동 80-14 1, 2층 ",커피숍
218,휴게음식점,카페봄봄 영남대점,"경상북도 경산시 대학로 291, 가동 101호 (대동)",경상북도 경산시 대동 168-1 가동 101호,커피숍
219,휴게음식점,세이버커피(SAVOUR COFFEE),"경상북도 경산시 강변동로 164, 2층 (중방동)",경상북도 경산시 중방동 320 2층 ,커피숍
220,휴게음식점,마실커피 신대부적점,경상북도 경산시 압량읍 압독2로1길 20-15,경상북도 경산시 압량읍 신대리 413-1 ,커피숍
221,휴게음식점,천씨씨커피 백천점,"경상북도 경산시 경청로 1105, 금강빌딩 102호 (백천동)",경상북도 경산시 백천동 574-5 금강빌딩 102호,커피숍
222,휴게음식점,공차 경산중산신도시점,"경상북도 경산시 펜타힐즈2로 57, 펜타힐즈SM타워 106호, 107호 (중산동)","경상북도 경산시 중산동 635-1 펜타힐즈SM타워 106호, 107호 ",커피숍
223,휴게음식점,청춘별빛카페,"경상북도 경산시 하양읍 문화로 20-2, 2,3층",경상북도 경산시 하양읍 금락리 127-2 ,커피숍
224,휴게음식점,두낫디스터브 반곡지,"경상북도 경산시 남산면 반지길 190, 1,2층","경상북도 경산시 남산면 반곡리 250 1,2층 ",커피숍
225,휴게음식점,소소베이지,경상북도 경산시 성암로13길 26 (옥산동),경상북도 경산시 옥산동 825-13 ,커피숍
226,휴게음식점,라보리(Laborie),"경상북도 경산시 성동로 20, 104호 (정평동)",경상북도 경산시 정평동 183 104호,커피숍
227,휴게음식점,이디야 경산하양금락점,경상북도 경산시 하양읍 대학로295길 14,경상북도 경산시 하양읍 금락리 405-3 ,커피숍
228,휴게음식점,고운님오시는길,"경상북도 경산시 와촌면 갓바위로 62, 주1동",경상북도 경산시 와촌면 대한리 68-1 주1동 ,커피숍
229,휴게음식점,봄봄 상방점,경상북도 경산시 남매로2길 1 (상방동),경상북도 경산시 상방동 199-3 ,커피숍
230,휴게음식점,핸즈커피 하양점,<REPLACE>,경상북도 경산시 하양읍 동서리 878-1 ,커피숍
231,휴게음식점,읍천리382 대가대점,"경상북도 경산시 하양읍 하양로 34, 가동 103호",경상북도 경산시 하양읍 금락리 116-268 가동 103호,커피숍
232,휴게음식점,카페 5110,"경상북도 경산시 자인면 자인로 192, C동 1층",경상북도 경산시 자인면 서부리 254-2 1층 C동 ,커피숍
233,휴게음식점,더리터 경산옥곡점,"경상북도 경산시 경산로15길 1-5, 청탑하이츠 1층 (옥곡동)",경상북도 경산시 옥곡동 815-3 청탑하이츠 1층 ,커피숍
234,휴게음식점,와락,경상북도 경산시 대동안길 14-4 (대동),경상북도 경산시 대동 143-9 ,커피숍
235,휴게음식점,카페산57,"경상북도 경산시 삼성현로 164-2, 2층 (옥산동)",경상북도 경산시 옥산동 323-27 2층 ,커피숍
236,휴게음식점,레젤(Les Ailes),"경상북도 경산시 박물관로 17, 세경빌딩 103-1호 (사동)",경상북도 경산시 사동 637-3 세경빌딩 103-1호,커피숍
237,휴게음식점,텐퍼센트 정평역봉춘점,"경상북도 경산시 대학로 58, 경산2차우방맨션 111동 1호 (정평동)",경상북도 경산시 정평동 138-4 경산2차우방맨션 111동 1호,커피숍
238,휴게음식점,곰곰 테이크아웃(gomgom),경상북도 경산시 경안로 172 (중방동),경상북도 경산시 중방동 879-1 ,커피숍
239,휴게음식점,아지트(AZIT)8-1,"경상북도 경산시 하양읍 아낙고개길 8-1, 시온빌딩 2층",경상북도 경산시 하양읍 금락리 114-3 시온빌딩 2층 ,커피숍
240,휴게음식점,윌로우(Willow)반곡 247,경상북도 경산시 남산면 반지길 192,경상북도 경산시 남산면 반곡리 247 ,커피숍
241,휴게음식점,캔버스 진량 호반점,"경상북도 경산시 진량읍 선항4길 27, 1층",경상북도 경산시 진량읍 선화리 2126 1층 ,커피숍
242,휴게음식점,매스커피 영남대정문점,"경상북도 경산시 대학로 283, 1층 (대동)",경상북도 경산시 대동 164-1 1층 ,커피숍
243,휴게음식점,오던,경상북도 경산시 압량읍 압독로 199,경상북도 경산시 압량읍 당음리 237-1 ,커피숍
244,휴게음식점,너와나 커피(coffee),경상북도 경산시 백자로20길 44-1 (사동),경상북도 경산시 사동 669-4 ,커피숍
245,휴게음식점,카페 뷰,"경상북도 경산시 진량읍 일연로 720, 1~4층",경상북도 경산시 진량읍 선화리 405-7 1~4층 ,커피숍
246,휴게음식점,카페아이엔지,"경상북도 경산시 하양읍 하양로 13-13, 대구가톨릭대학교 인문대학 1층",경상북도 경산시 하양읍 금락리 산 35 대구가톨릭대학교 인문대학 1층 ,커피숍
247,휴게음식점,투썸플레이스 경산월드컵대로점,"경상북도 경산시 삼성현로 62, 2, 3층 (옥산동)","경상북도 경산시 옥산동 542-10 2, 3층 ",커피숍
248,휴게음식점,데일리103,"경상북도 경산시 경산로44길 8, 103호 (옥산동)",경상북도 경산시 옥산동 732-1 103호,커피숍
249,휴게음식점,카페봄봄 진량봉회점,"경상북도 경산시 진량읍 공단로 579, B동",경상북도 경산시 진량읍 봉회리 188 B동 ,커피숍
250,휴게음식점,므흣,경상북도 경산시 대학로44길 16 (계양동),경상북도 경산시 계양동 240-5 ,커피숍
251,휴게음식점,구스켓 인 더 크로플 본점,경상북도 경산시 대학로53길 16 (대동),경상북도 경산시 대동 133-10 ,커피숍
252,휴게음식점,빽다방 경산진량점,경상북도 경산시 진량읍 공단1로 2,경상북도 경산시 진량읍 신상리 419-1 ,커피숍
253,휴게음식점,팜어라운드,"경상북도 경산시 삼성현로 639, 주2동 1층 (평산동)",경상북도 경산시 평산동 554-4 주2동 1층 ,커피숍
254,휴게음식점,시장카페,"경상북도 경산시 경안로31길 19, 경산공설시장 A1-4호 (서상동)",경상북도 경산시 서상동 10 경산공설시장 A1-4호 ,커피숍
255,휴게음식점,몬스터커피,"경상북도 경산시 경산로 280, 501동 3호 (중산동, 중산 하늘채 더퍼스트)",경상북도 경산시 중산동 693 중산 하늘채 더퍼스트 501동 3호,커피숍
256,휴게음식점,마실커피(계양점),경상북도 경산시 중방로 116 (계양동),경상북도 경산시 계양동 239-2 ,커피숍
257,휴게음식점,달콘스콘.D,"경상북도 경산시 경산로 53, 덕재빌딩 1층 (옥곡동)",경상북도 경산시 옥곡동 823-8 덕재빌딩 1층 ,커피숍
258,휴게음식점,리더치(re더치),"경상북도 경산시 하양읍 하양로 116, 2층",경상북도 경산시 하양읍 금락리 14-5 2층 ,커피숍
259,휴게음식점,마실커피 하양점,"경상북도 경산시 하양읍 문화로 3, 105동 122호 (하양3차우방타운)",경상북도 경산시 하양읍 금락리 130-8 하양3차우방타운 105동 122호,커피숍
260,휴게음식점,욜로(YOLO),"경상북도 경산시 장산로 321, 부영2차아파트 상가동 101호 (사동)",경상북도 경산시 사동 650-1 부영2차아파트 상가동 101호,커피숍
261,휴게음식점,하이오커피,"경상북도 경산시 펜타힐즈2로 27, 중산타워 105호 (중산동)",경상북도 경산시 중산동 638 중산타워 105호,커피숍
262,휴게음식점,파스쿠찌 경산중방DI,"경상북도 경산시 대학로 146, 1,2층 (중방동)",경상북도 경산시 중방동 909 ,커피숍
263,휴게음식점,카페베풂,"경상북도 경산시 남매공원로2길 16, 102호 (계양동)",경상북도 경산시 계양동 812 102호,커피숍
264,휴게음식점,커피키친 한일,"경상북도 경산시 하양읍 금송로 62, 1층",경상북도 경산시 하양읍 동서리 609 1층 ,커피숍
265,휴게음식점,빽다방 경산펜타힐즈점,"경상북도 경산시 펜타힐즈2로 57, 펜타힐즈SM타워 117호 (중산동)",경상북도 경산시 중산동 635-1 펜타힐즈SM타워 117호,커피숍
266,휴게음식점,크레마75,"경상북도 경산시 미래로 120, 경북권역재활병원 2층 (평산동)",경상북도 경산시 평산동 271-4 경북권역재활병원 2층 ,커피숍
267,휴게음식점,마실커피 옥곡점,경상북도 경산시 경산로7길 4-3 (옥곡동),경상북도 경산시 옥곡동 825-6 ,커피숍
268,휴게음식점,노멀즈커피,경상북도 경산시 경청로217길 3-11 (백천동),경상북도 경산시 백천동 586-7 ,커피숍
269,휴게음식점,대구대 더브릿지 카페,"경상북도 경산시 진량읍 대구대로 201, 대구대학교 비호생활관 후생관 2층",경상북도 경산시 진량읍 내리리 15 대구대학교 비호생활관 후생관 2층 ,커피숍
270,휴게음식점,카페 봄봄 중산점,"경상북도 경산시 경산로 280, 502동 6호 (중산동, 중산 하늘채 더퍼스트)",경상북도 경산시 중산동 693 중산 하늘채 더퍼스트 502동 6호,커피숍
271,휴게음식점,더리터 하양우미린점,"경상북도 경산시 하양읍 서사도리로 70, 상가동 108호 (경산하양 우미린 더센트럴)",경상북도 경산시 하양읍 서사리 351 경산하양 우미린 더센트럴 상가동 108호,커피숍
272,휴게음식점,메가엠지씨커피 경산삼풍점,경상북도 경산시 삼풍로 18 (삼풍동),경상북도 경산시 삼풍동 508-3 ,커피숍
273,휴게음식점,스텔라,"경상북도 경산시 진량읍 대구대로 201, 대구대학교 91. 편의시설동 2층",경상북도 경산시 진량읍 내리리 15 대구대학교경산캠퍼스 편의시설동 ,커피숍
274,휴게음식점,그린보트 커피,"경상북도 경산시 남매공원로2길 24-1, 1층 (계양동)",경상북도 경산시 계양동 822 1층 ,커피숍
275,휴게음식점,레스카페 모시나비,경상북도 경산시 용성면 송림길 76,경상북도 경산시 용성면 송림리 853-1 ,커피숍
276,휴게음식점,바름커피,"경상북도 경산시 경산로44길 25, 옥산 신화·평광아파트 상가27동 107호 (옥산동)",경상북도 경산시 옥산동 725-2 옥산 신화·평광아파트 상가27동 107호,커피숍
277,휴게음식점,쿠힘(kuheem),"경상북도 경산시 대학로10길 24, 마동 1층 (정평동)",경상북도 경산시 정평동 214-2 마동 1층 ,커피숍
278,휴게음식점,투썸플레이스 경산대로점,경상북도 경산시 경산로 221 (옥산동),경상북도 경산시 옥산동 178-7 ,커피숍
279,휴게음식점,구공카페,<REPLACE>,경상북도 경산시 하양읍 대학리 506 무학회관 1층 ,커피숍
280,휴게음식점,스타벅스 대구대학교점,"경상북도 경산시 진량읍 대구대로 201, 대구대학교 91.편의시설동 1층",경상북도 경산시 진량읍 내리리 15 대구대학교 91.편의시설동 1층 ,커피숍
281,휴게음식점,플러터(Flutter),"경상북도 경산시 남매로 237, C동 (중방동)",경상북도 경산시 중방동 105-5 C동 ,커피숍
282,휴게음식점,마실커피 와촌점 14호점,"경상북도 경산시 와촌면 지식산업2로 140, B동",경상북도 경산시 와촌면 덕촌리 1035 B동 ,커피숍
283,휴게음식점,짹슨커피 영대점,"경상북도 경산시 압량읍 김유신로 22, 1층",경상북도 경산시 압량읍 신대리 136-1 1층 ,커피숍
284,휴게음식점,커피명가 본,"경상북도 경산시 압량읍 임당로 230, 주건축물제1동 1,2층",경상북도 경산시 압량읍 금구리 683-4 주건축물제1동 ,커피숍
285,휴게음식점,피플앤퍼피,경상북도 경산시 압량읍 김유신로 40,경상북도 경산시 압량읍 신대리 277-4 ,커피숍
286,휴게음식점,카페 아이엔지 영남대점,"경상북도 경산시 대학로 280, 영남대학교 창업보육센터 1층 100-1호 (대동)",경상북도 경산시 대동 214-1 영남대학교 창업보육센터 1층 100-1호 ,커피숍
287,휴게음식점,제주커피&커피덕후,"경상북도 경산시 남매로 173-2, 1층 (중방동)",경상북도 경산시 중방동 699-5 1층 ,커피숍
288,휴게음식점,라마커피,"경상북도 경산시 중앙로 15-4, 창신아파트 상가동 2호 (사정동)",경상북도 경산시 사정동 16-16 창신아파트 상가동 2호,커피숍
289,휴게음식점,마실커피 중방점,경상북도 경산시 경안로38길 21 (중방동),경상북도 경산시 중방동 846-7 ,커피숍
290,휴게음식점,오아시스세이,경상북도 경산시 하양읍 문화로2길 4-3,경상북도 경산시 하양읍 금락리 131-128 ,커피숍
291,휴게음식점,소월애,경상북도 경산시 와촌면 지식산업8로6길 51,경상북도 경산시 와촌면 소월리 1487 ,커피숍
292,휴게음식점,청솔로9 중산점,"경상북도 경산시 펜타힐즈2로 65, 펜타힐즈 더원 108호 (중산동)",경상북도 경산시 중산동 633 펜타힐즈 더원 108호,커피숍
293,휴게음식점,빽다방 경산삼성현공원점,"경상북도 경산시 남산면 삼성현로 915, 1층",경상북도 경산시 남산면 인흥리 363-15 1층 ,커피숍
294,휴게음식점,과일다방,"경상북도 경산시 성암로11길 1-1, 1층 (옥산동)",경상북도 경산시 옥산동 862 1층 ,커피숍
295,휴게음식점,마고포레스트,"경상북도 경산시 경안로73길 20, 1,2층 (대평동)","경상북도 경산시 대평동 94-10 1,2층 ",커피숍
296,휴게음식점,요거트월드 경산점,"경상북도 경산시 장산로29길 7, 1층 (삼북동)",경상북도 경산시 삼북동 278-23 1층 ,커피숍
297,휴게음식점,블랑제리라팡,"경상북도 경산시 원효로36길 7, 1층 (사동)",경상북도 경산시 사동 569 1층 ,커피숍
298,휴게음식점,카페 엘엘엘,경상북도 경산시 하양읍 도리길 3,경상북도 경산시 하양읍 도리리 112-83 ,커피숍
299,휴게음식점,하말,"경상북도 경산시 와촌면 대한길 13, 1,2층","경상북도 경산시 와촌면 대한리 99 1,2층 ",커피숍
300,휴게음식점,어썸주스 옥산점,"경상북도 경산시 성암로11길 1-1, 4층 (옥산동)",경상북도 경산시 옥산동 862 4층 ,커피숍
301,휴게음식점,마실커피 경산역점,경상북도 경산시 중앙로 5-1 (사정동),경상북도 경산시 사정동 40-9 ,커피숍
302,휴게음식점,로위스(Lowes),"경상북도 경산시 대학로9길 11, 중산상가 1층 105호 (정평동)",경상북도 경산시 정평동 158-11 중산상가 1층 105호,커피숍
303,휴게음식점,아침에 볶는 커피,"경상북도 경산시 경안로 19, 1층 (백천동)",경상북도 경산시 백천동 1-2 1층 ,커피숍
304,휴게음식점,하이오커피 경산영대점,"경상북도 경산시 삼풍로 15, 1층 (삼풍동)",경상북도 경산시 삼풍동 506-4 1층 ,커피숍
305,휴게음식점,더벤티 경산사동점,"경상북도 경산시 백자로10길 3-17, 1층 (사동)",경상북도 경산시 사동 38 1층 ,커피숍
306,휴게음식점,우드명가,"경상북도 경산시 경안로 395-2, 1층 (대평동)",경상북도 경산시 대평동 27-2 1층 ,커피숍
307,휴게음식점,코튼캔디커피,"경상북도 경산시 압량읍 김유신로 11, 113동 107호 (경산한신휴플러스아파트)",경상북도 경산시 압량읍 신대리 702 경산한신휴플러스아파트 113동 107호,커피숍
308,휴게음식점,더벤티 경산하양점,"경상북도 경산시 하양읍 서사도리7로 21, SG타워 107호",경상북도 경산시 하양읍 서사리 304 SG타워 107호,커피숍
309,휴게음식점,샛별까페,"경상북도 경산시 남천면 남천로 784, 1층",경상북도 경산시 남천면 협석리 449-1 1층 ,커피숍
310,휴게음식점,페이퍼,"경상북도 경산시 경안로67길 2-13, 1층 (대평동)",경상북도 경산시 대평동 432-1 1층 ,커피숍
311,휴게음식점,포포모모,"경상북도 경산시 대학로70길 32, 1층 (조영동)",경상북도 경산시 조영동 372-16 ,커피숍
312,휴게음식점,스타벅스 경산하양DT,"경상북도 경산시 진량읍 대학로 1417, 1,2층","경상북도 경산시 진량읍 부기리 532-1 1,2층 ",커피숍
313,휴게음식점,와넛,경상북도 경산시 압량읍 김유신로 48,경상북도 경산시 압량읍 신대리 277 ,커피숍
314,휴게음식점,이디야커피(신대부적점),"경상북도 경산시 압량읍 압독3로 15, 주건축물제1동 1, 2층","경상북도 경산시 압량읍 신대리 475 주건축물제1동 1, 2층 ",커피숍
315,휴게음식점,머뭄:머무르다,"경상북도 경산시 남산면 하남로 324, 1층",경상북도 경산시 남산면 산양리 84-1 1층 ,커피숍
316,휴게음식점,스타벅스 경산중산점,"경상북도 경산시 펜타힐즈로 74, 힐즈스퀘어1 109,110,111,112호 (중산동)","경상북도 경산시 중산동 632 힐즈스퀘어1 109,110,111,112 ",커피숍
317,휴게음식점,어바웃더베이크,"경상북도 경산시 경안로21길 19, 1층 (삼남동)",경상북도 경산시 삼남동 66-1 1층 ,커피숍
318,휴게음식점,마실커피 진량점,"경상북도 경산시 진량읍 공단1로1길 81, 1층",경상북도 경산시 진량읍 신상리 356-1 1층 ,커피숍
319,휴게음식점,마들카페,"경상북도 경산시 압량읍 압량시장길 1, 행복발전소 2층",경상북도 경산시 압량읍 부적리 461-1 행복발전소 2층 ,커피숍
320,휴게음식점,더벤티 경산펜타힐즈점,"경상북도 경산시 펜타힐즈2로 45, 힐스스퀘어2 113호 (중산동)",경상북도 경산시 중산동 637 힐스스퀘어2 113호,커피숍
321,휴게음식점,텐퍼센트 경산시청점,"경상북도 경산시 중앙로 82, 1층 (중방동)",경상북도 경산시 중방동 539-2 1층 ,커피숍
322,휴게음식점,짹슨커피 옥산점,"경상북도 경산시 성암로7길 6, A동 112호 (옥산동)",경상북도 경산시 옥산동 849-5 A동 112호,커피숍
323,휴게음식점,영남상회 제작소,"경상북도 경산시 삼풍로 20, 1층 (삼풍동)",경상북도 경산시 삼풍동 508-2 1층 ,커피숍
324,휴게음식점,카페인중독 경산중방점,"경상북도 경산시 대학로 299, 108호 (조영동)",경상북도 경산시 조영동 280-5 108호,커피숍
325,휴게음식점,매머드익스프레스 경산하양점,"경상북도 경산시 하양읍 서사도리9로 17, 드림스퀘어2 110호",경상북도 경산시 하양읍 서사리 339 드림스퀘어2 110호,커피숍
326,휴게음식점,컴포즈커피 경산하양점,"경상북도 경산시 하양읍 하양로 46, 1층",경상북도 경산시 하양읍 금락리 116-274 1층 ,커피숍
327,휴게음식점,더리터 경산삼풍점,"경상북도 경산시 삼풍로 14, 1층 (삼풍동)",경상북도 경산시 삼풍동 509-1 1층 ,커피숍
328,휴게음식점,주식회사 디디얌,"경상북도 경산시 남매공원로1길 16, 1,2층 (계양동)","경상북도 경산시 계양동 730 1,2층 ",커피숍
329,휴게음식점,니트로814(Nitro814),"경상북도 경산시 삼성현로 8-5, 1층 (옥산동)",경상북도 경산시 옥산동 677-22 1층 ,커피숍
330,휴게음식점,호떡당 경산하양점,"경상북도 경산시 하양읍 서사도리9로 25, 드림스퀘어1 109호",경상북도 경산시 하양읍 서사리 342 드림스퀘어1 109호,커피숍
331,휴게음식점,바이버리 커피(BIBURY COFFEE),"경상북도 경산시 옥산로 108, 1층 (옥산동)",경상북도 경산시 옥산동 218-6 1층 ,커피숍
332,휴게음식점,대만정카스테라 경산점,"경상북도 경산시 압량읍 압독4로 3, 1층",경상북도 경산시 압량읍 신대리 680 1층 ,커피숍
333,휴게음식점,마실커피 정평점,"경상북도 경산시 대학로12길 29, 101호 (정평동)",경상북도 경산시 정평동 230-15 101호,커피숍
334,휴게음식점,미야커피(MEYA COFFEE),"경상북도 경산시 하양읍 대경로105길 22-8, 1층",경상북도 경산시 하양읍 부호리 227-2 1층 ,커피숍
335,휴게음식점,쏠,"경상북도 경산시 자인면 꾸메마을길 6, 1,2층","경상북도 경산시 자인면 계남리 472-19 1,2층 ",커피숍
336,휴게음식점,스퀘어 커피(Square Coffee),"경상북도 경산시 펜타힐즈로 74, 힐즈스퀘어1 311호 (중산동)",경상북도 경산시 중산동 632 힐즈스퀘어1 311호,커피숍
337,휴게음식점,텐퍼센트커피 경산옥곡점,"경상북도 경산시 경산로 43, 대원빌딩 1층 (옥곡동)",경상북도 경산시 옥곡동 823-14 대원빌딩 1층 ,커피숍
338,휴게음식점,애프터 밀(After meal),"경상북도 경산시 중앙로17길 3, 1층 (중방동)",경상북도 경산시 중방동 515-1 1층 ,커피숍
339,휴게음식점,기역,"경상북도 경산시 박물관로1길 4-13, 101호 (사동)",경상북도 경산시 사동 646-2 ,커피숍
340,휴게음식점,카페봄봄 자인점,경상북도 경산시 자인면 일연로 67,경상북도 경산시 자인면 서부리 23 ,커피숍
341,휴게음식점,아더 베이크샵(Ardor bakeshop),경상북도 경산시 중방로 4 (중방동),경상북도 경산시 중방동 829-9 ,커피숍
342,휴게음식점,천씨씨커피(사동계양점),"경상북도 경산시 장산로 257, 1층 (사동)",경상북도 경산시 사동 588-10 1층 ,커피숍
343,휴게음식점,쿠프(COUPE),"경상북도 경산시 남매공원로2길 8-1, 1층 (계양동)",경상북도 경산시 계양동 775 1층 ,커피숍
344,휴게음식점,카페봄봄 하양공설시장점,"경상북도 경산시 하양읍 조산천동길 56, 1층",경상북도 경산시 하양읍 동서리 592-43 1층 ,커피숍
345,휴게음식점,나비 커피숍,경상북도 경산시 경안로39길 25 (중방동),경상북도 경산시 중방동 859-1 ,커피숍
346,휴게음식점,빈 벨(Bean Bell),"경상북도 경산시 백양로 117, 더제이빌딩 1층 (사동)",경상북도 경산시 사동 608-11 더제이빌딩 1층 ,커피숍
347,휴게음식점,텐퍼센트커피 펜타힐즈점,"경상북도 경산시 펜타힐즈2로 41, 102호 (중산동)",경상북도 경산시 중산동 637-1 102호,커피숍
348,휴게음식점,마실커피 봉황점,"경상북도 경산시 진량읍 봉황길 27, 1층",경상북도 경산시 진량읍 봉회리 62-3 1층 ,커피숍
349,휴게음식점,제일구락부 대구대점,"경상북도 경산시 진량읍 대구대로 230, A동",경상북도 경산시 진량읍 내리리 103-2 A동 ,커피숍
350,휴게음식점,춘안이네 식당,"경상북도 경산시 와촌면 갓바위로 161, 가동",경상북도 경산시 와촌면 대한리 177 가동 ,커피숍
351,휴게음식점,몬스터커피 하양점,"경상북도 경산시 하양읍 서사도리4로 5, 메이플라워 104호",경상북도 경산시 하양읍 서사리 288 메이플라워 104호,커피숍
352,휴게음식점,다올,"경상북도 경산시 와촌면 용천길 133-6, 1층",경상북도 경산시 와촌면 용천리 652-1 1층 ,커피숍
353,휴게음식점,다올2,"경상북도 경산시 와촌면 용천길 133-6, 2층",경상북도 경산시 와촌면 용천리 652-1 2층 ,커피숍
354,휴게음식점,밤바리(BAMBARI),경상북도 경산시 삼성현로 855-6 (여천동),경상북도 경산시 여천동 81-17 ,커피숍
355,휴게음식점,라포미,경상북도 경산시 중방로 29 (중방동),경상북도 경산시 중방동 826-8 ,커피숍
356,휴게음식점,제이엠티(JMT)카페 경산펜타힐즈점,"경상북도 경산시 펜타힐즈2로 41, 111호 (중산동)",경상북도 경산시 중산동 637-1 111호,커피숍
357,휴게음식점,폴 바셋 경산임당역 DT점,"경상북도 경산시 남매로 255, 1,2층 (중방동)","경상북도 경산시 중방동 35-7 1,2층 ",커피숍
358,휴게음식점,하삼동커피 경산사동점,경상북도 경산시 백양로33길 10 (사동),경상북도 경산시 사동 666-1 ,커피숍
359,휴게음식점,케이엘지 커피(KLG COFFEE),"경상북도 경산시 자인면 교촌길 40, 서광금잔디맨션",경상북도 경산시 자인면 교촌리 342 서광금잔디맨션 ,커피숍
360,휴게음식점,코티지,"경상북도 경산시 장산로30길 2, 1층 (삼북동)",경상북도 경산시 삼북동 99-9 1층 ,커피숍
361,휴게음식점,하이-핌핀(Hi-pimpin),"경상북도 경산시 압량읍 압독1로 13, F동",경상북도 경산시 압량읍 부적리 180-10 F동 ,커피숍
362,휴게음식점,패브릭피치스(FABRIC PEACHES),경상북도 경산시 남산면 삼성현공원로7길 4,경상북도 경산시 남산면 인흥리 269 ,커피숍
363,휴게음식점,구룸밭,"경상북도 경산시 자인면 서부1길 17-8, 1층",경상북도 경산시 자인면 서부리 56 1층 ,커피숍
364,휴게음식점,카페 아이엔지 대구대학교점,"경상북도 경산시 진량읍 대구대로 201, 대구대학교 28. 본관 지하1층",경상북도 경산시 진량읍 내리리 15 대구대학교 28. 본관 지하1층 ,커피숍
365,휴게음식점,이디야커피 계양점,"경상북도 경산시 원효로 142, 1층 (계양동)",경상북도 경산시 계양동 666-16 1층 ,커피숍
366,휴게음식점,카페봄봄 경산IC점,경상북도 경산시 진량읍 대학로 950,경상북도 경산시 진량읍 선화리 712-9 ,커피숍
367,휴게음식점,하삼동커피 하양점,"경상북도 경산시 하양읍 서사도리4로 2, 하양 메디컬타워 101호",경상북도 경산시 하양읍 양지리 264 하양 메디컬타워 101호,커피숍
368,휴게음식점,미니즈 커피(mini's coffee),"경상북도 경산시 대학로61길 21, 1층 (조영동)",경상북도 경산시 조영동 580-6 1층 ,커피숍
369,휴게음식점,투썸플레이스 하양광장메디컬점,"경상북도 경산시 하양읍 서사도리9로 27, 광장메디컬타워 107,202호",경상북도 경산시 하양읍 서사리 343 ,커피숍
370,휴게음식점,청담커피 RG골프점,"경상북도 경산시 압량읍 금구길 23, 1층",경상북도 경산시 압량읍 금구리 371 1층 ,커피숍
371,휴게음식점,시오다과,"경상북도 경산시 하양읍 서사도리5로 15, 센텀1번가 1동 105호",경상북도 경산시 하양읍 서사리 333 센텀1번가 1동 105호,커피숍
372,휴게음식점,텐퍼센트 하양점,경상북도 경산시 하양읍 하양로 55,경상북도 경산시 하양읍 금락리 131-109 ,커피숍
373,휴게음식점,스페이스임원,"경상북도 경산시 하양읍 금호강변로 700, A동",경상북도 경산시 하양읍 금락리 197-5 A동 ,커피숍
374,휴게음식점,더리터 경산진량점,"경상북도 경산시 진량읍 봉황길 41, 진량봉암빌딩 108호",경상북도 경산시 진량읍 봉회리 81-3 진량봉암빌딩 108호,커피숍
375,휴게음식점,커피주당 경산점,"경상북도 경산시 둥지로18길 5, 1층 (임당동)",경상북도 경산시 임당동 585-7 ,커피숍
376,휴게음식점,시크릿커피,경상북도 경산시 경안로 255 (중방동),경상북도 경산시 중방동 828-22 ,커피숍
377,휴게음식점,글로리아,경상북도 경산시 용성면 미산2길 26,경상북도 경산시 용성면 미산리 128-1 ,커피숍
378,휴게음식점,우연카페,"경상북도 경산시 중앙로17길 44, 1층 (중방동)",경상북도 경산시 중방동 444 1층 ,커피숍
379,휴게음식점,"드리브(drip,drib)","경상북도 경산시 경안로 191, 1층 (중방동)",경상북도 경산시 중방동 862-2 1층 ,커피숍
380,휴게음식점,이끼(EKKI)카페,"경상북도 경산시 대학로28길 6-5, 103호 (중방동)",경상북도 경산시 중방동 897 103호,커피숍
381,휴게음식점,카페 코잔타(cojanta),경상북도 경산시 남천면 상대로 21-3,경상북도 경산시 남천면 금곡리 121 ,커피숍
382,휴게음식점,카페 로띠르(Cafe Rotir),"경상북도 경산시 청운로 65, 1층 (조영동)",경상북도 경산시 조영동 239-5 1층 ,커피숍
383,휴게음식점,투썸플레이스 진량농협하나로마트점,"경상북도 경산시 진량읍 공단11로 257-10, 하나로마트 1층",경상북도 경산시 진량읍 문천리 790 하나로마트 1층 ,커피숍
384,휴게음식점,컴포즈커피 진량이안점,"경상북도 경산시 진량읍 일연로 745-1, 1층",경상북도 경산시 진량읍 선화리 465-5 1층 ,커피숍
385,휴게음식점,파라다이스,"경상북도 경산시 대학로61길 24-12, 2층 (조영동)",경상북도 경산시 조영동 261-2 2층 ,커피숍
386,휴게음식점,모꼬모찌,"경상북도 경산시 백자로20길 26, 1층 (사동)",경상북도 경산시 사동 663-1 1층 ,커피숍
387,휴게음식점,달콤하이,경상북도 경산시 중방로 19 (중방동),경상북도 경산시 중방동 827-1 ,커피숍
388,휴게음식점,레이니어(Rainier),"경상북도 경산시 원효로40길 51-6, 1층 (사동)",경상북도 경산시 사동 602-1 1층 ,커피숍
389,휴게음식점,그랜드대디,"경상북도 경산시 압량읍 감못둑길 63-4, 주1동 1층",경상북도 경산시 압량읍 신대리 55-15 1층 주1동 ,커피숍
390,휴게음식점,더리터 경산백천점,"경상북도 경산시 경청로219길 4-6, 123호 (백천동)",경상북도 경산시 백천동 573-1 123호,커피숍
391,휴게음식점,컴포즈커피 진량1공단점,"경상북도 경산시 진량읍 공단1로 34, 1층",경상북도 경산시 진량읍 신상리 366-1 1층 ,커피숍
392,휴게음식점,카페 통,"경상북도 경산시 들뫼길 269, 양혜당 1층 (점촌동)",경상북도 경산시 점촌동 301-7 양혜당 1층 ,커피숍
393,휴게음식점,4416커피바(coffee bar),"경상북도 경산시 경안로44길 16, 1층 (중방동)",경상북도 경산시 중방동 845-1 1층 ,커피숍
394,휴게음식점,멜로디키친,"경상북도 경산시 압량읍 압독4로1길 20-15, 1층",경상북도 경산시 압량읍 신대리 647 1층 ,커피숍
395,휴게음식점,브리즈 온(breeze on),"경상북도 경산시 삼성현로 665, 2,3층 (점촌동)","경상북도 경산시 점촌동 산 43-1 2,3층 ",커피숍
396,휴게음식점,베이굼(Baygoom),"경상북도 경산시 하양읍 서사도리로 71, 상가2동 103호 (경산하양 우미린 에코포레)",경상북도 경산시 하양읍 서사리 286 경산하양 우미린 에코포레 상가2동 103호,커피숍
397,휴게음식점,지지지,"경상북도 경산시 청운1로 60, 1층 (조영동)",경상북도 경산시 조영동 251-22 1층 ,커피숍
398,휴게음식점,커피3.14,경상북도 경산시 경안로 19 (백천동),경상북도 경산시 백천동 1-2 ,커피숍
399,휴게음식점,우니커피(woony coffee),"경상북도 경산시 성동로 14, 1층 (정평동)",경상북도 경산시 정평동 185-1 1층 ,커피숍
400,휴게음식점,서울커피,"경상북도 경산시 경산로16길 8, 1층 (옥곡동)",경상북도 경산시 옥곡동 818-1 1층 ,커피숍
401,휴게음식점,그로우(grow),"경상북도 경산시 자인면 자인로 58, 1층",경상북도 경산시 자인면 교촌리 254 1층 ,커피숍
402,휴게음식점,경산 제주오마카세,"경상북도 경산시 원효로40길 23-7, 2층 (사동)",경상북도 경산시 사동 580-13 2층 ,커피숍
403,휴게음식점,폴 바셋 경산옥곡DT점,"경상북도 경산시 삼성현로 207, 1,2층 (옥곡동)","경상북도 경산시 옥곡동 67 1,2층 ",커피숍
404,휴게음식점,찰스 아노(CHARLES ANO),"경상북도 경산시 남산면 삼성현문화길 9, 1,2층","경상북도 경산시 남산면 인흥리 360-4 1,2층 ",커피숍
405,휴게음식점,카페아이엔지 영남대학생회관점,"경상북도 경산시 대학로 280, 영남대학교 학생회관 1층 (대동)",경상북도 경산시 대동 214-1 영남대학교 학생회관 1층 ,커피숍
406,휴게음식점,하늘호수,"경상북도 경산시 와촌면 갓바위로 115, 가동 2층",경상북도 경산시 와촌면 대한리 145 2층 가동 ,커피숍
407,휴게음식점,마실커피 사동점,경상북도 경산시 백자로 131 (사동),경상북도 경산시 사동 583-15 ,커피숍
408,휴게음식점,도리커피,"경상북도 경산시 하양읍 서사도리1로 2, 썬스타 1층",경상북도 경산시 하양읍 서사리 378 썬스타 1층 ,커피숍
409,휴게음식점,정금커피,"경상북도 경산시 대학로8길 25, 1층 (정평동)",경상북도 경산시 정평동 212 1층 ,커피숍
410,휴게음식점,카페 미구,"경상북도 경산시 하양읍 서사도리1로 1, 1층",경상북도 경산시 하양읍 서사리 357 1층 ,커피숍
411,휴게음식점,카페 니도(Nido),"경상북도 경산시 원효로34길 13, 1층 (사동)",경상북도 경산시 사동 571 1층 ,커피숍
412,휴게음식점,에이티익스프레스 경산하양점,"경상북도 경산시 하양읍 하양로 76, 1층",경상북도 경산시 하양읍 금락리 116-8 1층 ,커피숍
413,휴게음식점,오이드커피,"경상북도 경산시 정평길 30, 401동 110호 (정평동, 정평역하늘채 RIVER PARK)",경상북도 경산시 정평동 276 정평역하늘채 RIVER PARK 401동 110호,커피숍
414,휴게음식점,뭉클(Moongcle)카페,"경상북도 경산시 남매공원로2길 20, 1층 (계양동)",경상북도 경산시 계양동 818 1층 ,커피숍
415,휴게음식점,인포그,"경상북도 경산시 남산면 삼성현로 902, B동 1층",경상북도 경산시 남산면 인흥리 364-13 1층 B동 ,커피숍
416,휴게음식점,리안,"경상북도 경산시 하양읍 서사도리7로 28, 1층",경상북도 경산시 하양읍 서사리 314 1층 ,커피숍
417,휴게음식점,커피명가 포레,경상북도 경산시 압량읍 압독로 105,경상북도 경산시 압량읍 신대리 6 ,커피숍
418,휴게음식점,메가엠지씨커피 경산사동점,"경상북도 경산시 백자로10길 3-11, 102호 (사동)",경상북도 경산시 사동 39 102호,커피숍
419,휴게음식점,스타벅스 경산무학점,"경상북도 경산시 하양읍 서사도리9로 21, 1,2층","경상북도 경산시 하양읍 서사리 340 1,2층 ",커피숍
420,휴게음식점,디저트더샵,"경상북도 경산시 삼풍로2길 4-9, 1층 (삼풍동)",경상북도 경산시 삼풍동 516-20 1층 ,커피숍
421,휴게음식점,청담커피 옥곡점,"경상북도 경산시 경산로16길 2-10, 1층 (옥곡동)",경상북도 경산시 옥곡동 816-6 1층 ,커피숍
422,휴게음식점,요거트퍼플,"경상북도 경산시 경안로33길 23, 1층 (중방동)",경상북도 경산시 중방동 875-3 1층 ,커피숍
423,휴게음식점,에밀그린,"경상북도 경산시 하양읍 아낙고개길 8-1, E동 1층",경상북도 경산시 하양읍 금락리 114-3 1층 E동 ,커피숍
424,휴게음식점,마시9,"경상북도 경산시 성암로9길 7, A동 114호 (옥산동)",경상북도 경산시 옥산동 849-1 A동 114호,커피숍
425,휴게음식점,이디야커피 경산영남대점,"경상북도 경산시 청운로 18, 주1동 1층 (대동)",경상북도 경산시 대동 157-5 1층 주1동 ,커피숍
426,휴게음식점,인필름(infilm),"경상북도 경산시 하양읍 금호강변로 690, 1,2층","경상북도 경산시 하양읍 금락리 192-3 1,2층 ",커피숍
427,휴게음식점,바나타이거 경산진량점,경상북도 경산시 진량읍 공단로 461,경상북도 경산시 진량읍 신상리 207-2 ,커피숍
428,휴게음식점,백억커피 경산하양점,"경상북도 경산시 하양읍 하양로 81, 1층",경상북도 경산시 하양읍 금락리 115-20 1층 ,커피숍
429,휴게음식점,낙산쉼북카페,"경상북도 경산시 진량읍 낙산길 23, 1층",경상북도 경산시 진량읍 신상리 729 1층 ,커피숍
430,휴게음식점,쉬다가게,경상북도 경산시 진량읍 버티미길 74,경상북도 경산시 진량읍 보인리 70-1 ,커피숍
431,휴게음식점,루틴,"경상북도 경산시 자인면 일연로 83-2, 1,2층","경상북도 경산시 자인면 서부리 49-1 1,2층 ",커피숍
432,휴게음식점,오트다람,"경상북도 경산시 진량읍 봉회1길 26, B동 1,2층","경상북도 경산시 진량읍 봉회리 117 1,2층 B동 ",커피숍
433,휴게음식점,메가엠지씨(MGC)커피 경산펜타힐즈점,"경상북도 경산시 펜타힐즈2로 37, 힐즈스퀘어3 104호 (중산동)",경상북도 경산시 중산동 637-2 힐즈스퀘어3 힐즈스퀘어호,커피숍
434,휴게음식점,유알와이커피(URY Coffee) 경산펜타힐즈점,"경상북도 경산시 펜타힐즈2로 25, 111,112호 (중산동)","경상북도 경산시 중산동 638-1 111,112호 ",커피숍
435,휴게음식점,뚠뚠커피,"경상북도 경산시 하양읍 하양역길 32, 1층",경상북도 경산시 하양읍 금락리 131-45 1층 ,커피숍
436,휴게음식점,쿠드커피(COOD COFFEE),"경상북도 경산시 압량읍 대학로 363, 1층",경상북도 경산시 압량읍 부적리 508 1층 ,커피숍
437,휴게음식점,섬섬밀밀,"경상북도 경산시 진량읍 대구대로 346, 주1동 1,2층","경상북도 경산시 진량읍 평사(坪)리 60 주1동 1,2층 ",커피숍
438,휴게음식점,스윗하트(SWEET HEART),"경상북도 경산시 펜타힐즈2로 37, 힐즈스퀘어3 115호 (중산동)",경상북도 경산시 중산동 637-2 힐즈스퀘어3 115호,커피숍
439,휴게음식점,이디야 경산중앙병원점,"경상북도 경산시 경안로 11, 중앙병원 1층 (백천동)",경상북도 경산시 백천동 4-2 중앙병원 1층 ,커피숍
440,휴게음식점,컴포즈 하양우미린점,"경상북도 경산시 하양읍 서사도리4로 5, 메이플라워 102호",경상북도 경산시 하양읍 서사리 288 메이플라워 102호,커피숍
441,휴게음식점,구스터프(GUSTUFF),"경상북도 경산시 압량읍 청운2로 116, 1층",경상북도 경산시 압량읍 부적리 287-5 1층 ,커피숍
442,휴게음식점,텐퍼센트커피 백천점,"경상북도 경산시 경청로221길 11, 동화리버빌 상가동 301동 105호 (백천동)",경상북도 경산시 백천동 572-1 동화리버빌 상가동 301동 105호,커피숍
443,휴게음식점,카페 화사박,"경상북도 경산시 자인면 서부1길 52, 주1동",경상북도 경산시 자인면 북사리 270 주1동 ,커피숍
444,휴게음식점,반곡지 이야기,경상북도 경산시 남산면 반지길 191,경상북도 경산시 남산면 반곡리 247-2 ,커피숍
445,휴게음식점,커피랩스,경상북도 경산시 경안로65길 5-7 (대평동),경상북도 경산시 대평동 439-2 ,커피숍
446,휴게음식점,라바트 모로코 카페(Rabat Morocco cafe),"경상북도 경산시 둥지로 21, 1층 (조영동)",경상북도 경산시 조영동 267 1층 ,커피숍
447,휴게음식점,까페 묘목,경상북도 경산시 진량읍 공단로 582,경상북도 경산시 진량읍 봉회리 99-4 ,커피숍
448,휴게음식점,카펠루스,"경상북도 경산시 하양읍 대학로298길 12, 1층",경상북도 경산시 하양읍 금락리 394-6 1층 ,커피숍
449,휴게음식점,파스마(백천점),"경상북도 경산시 경청로224길 7-1, 1층 (백천동)",경상북도 경산시 백천동 95-1 1층 ,커피숍
450,휴게음식점,에덴(Eden),"경상북도 경산시 와촌면 하양로 494, 1층",경상북도 경산시 와촌면 계당리 90 1층 ,커피숍
451,휴게음식점,메가엠지씨커피 경산진량공단점,경상북도 경산시 진량읍 공단2로9길 22,경상북도 경산시 진량읍 신상리 359-1 ,커피숍
452,휴게음식점,앤트 메리(Aunt Mary),"경상북도 경산시 남산면 상대로 695-14, 1층",경상북도 경산시 남산면 상대리 98-8 1층 ,커피숍
453,휴게음식점,텐퍼센트 신대부적점,"경상북도 경산시 압량읍 압독3로 33, 1층",경상북도 경산시 압량읍 신대리 419-1 1층 ,커피숍
454,휴게음식점,햇살동,"경상북도 경산시 경산로 159-5, 역전마을 복합커뮤니티센터 주1동 1층 (옥산동)",경상북도 경산시 옥산동 123-8 역전마을 복합커뮤니티센터 1층 주1동 ,커피숍
455,휴게음식점,몬스터커피 경산지식더퍼스트점,"경상북도 경산시 하양읍 지식산업로4길 8, 파인앤유 더 퍼스트 111,112호","경상북도 경산시 하양읍 대학리 1107 파인앤유 더 퍼스트 111,112호 ",커피숍
456,휴게음식점,서상카페,"경상북도 경산시 경안로21길 13-6, 주2,3,4,5동 (삼남동)","경상북도 경산시 삼남동 72-1 주2,3,4,5동 ",커피숍
457,휴게음식점,아가페상점,"경상북도 경산시 경안로67길 14-1, 1층 (대평동)",경상북도 경산시 대평동 429-12 1층 ,커피숍
458,휴게음식점,하늘다움카페,"경상북도 경산시 남매로6길 27, 1층 (상방동)",경상북도 경산시 상방동 102-1 1층 ,커피숍
459,휴게음식점,더벤티 경산임당점,"경상북도 경산시 남매공원로1길 27, 블루핀 임당 제니스 오피스텔 101호 (계양동)",경상북도 경산시 계양동 724 블루핀 임당 제니스 오피스텔 101호,커피숍
460,휴게음식점,더원트커피,"경상북도 경산시 삼풍로 10, 1층 (삼풍동)",경상북도 경산시 삼풍동 509-3 1층 ,커피숍
461,휴게음식점,빽다방 경산신대부적점,경상북도 경산시 압량읍 압독2로1길 15,경상북도 경산시 압량읍 신대리 385 ,커피숍
462,휴게음식점,스타벅스 경산사동DT,"경상북도 경산시 원효로 194, 1,2층 (사동)","경상북도 경산시 사동 561 1,2층 ",커피숍
463,휴게음식점,에이치나인(HNINE),경상북도 경산시 자인면 중촌천북길 4-10,경상북도 경산시 자인면 서부리 132-2 ,커피숍
464,휴게음식점,천마다방,"경상북도 경산시 대학로 279-1, 주1동 2층 (대동)",경상북도 경산시 대동 165-3 주1동 2층 ,커피숍
465,휴게음식점,요거트퍼플,"경상북도 경산시 삼성현로 883, 1,2층 (여천동)","경상북도 경산시 여천동 80-8 1,2층 ",커피숍
466,휴게음식점,슈슈(CHOUCHOU),"경상북도 경산시 진량읍 일연로 747, 203동 102호 (이안 경산진량 아파트)",경상북도 경산시 진량읍 선화리 1990 이안경산진량아파트 203동 102호,커피숍
467,휴게음식점,레라카페(LELA CAPHE),"경상북도 경산시 청운1로 54, 2층 (조영동)",경상북도 경산시 조영동 256-2 2층 ,커피숍
468,휴게음식점,아임플케(I'm Flke),"경상북도 경산시 남매공원로1길 30, 1층 (계양동)",경상북도 경산시 계양동 740 1층 ,커피숍
469,휴게음식점,카페 토리,경상북도 경산시 백자로 147 (사동),경상북도 경산시 사동 562-5 ,커피숍
470,휴게음식점,메가엠지씨커피 경산신대점,"경상북도 경산시 압량읍 압독3로 21, 1층 103호",경상북도 경산시 압량읍 신대리 426 ,커피숍
471,휴게음식점,주식회사 플라워카페,"경상북도 경산시 둥지로 71, 1층 (임당동)",경상북도 경산시 임당동 626-2 임당빌딩 ,커피숍
472,휴게음식점,헬리빈 영대점,경상북도 경산시 압량읍 부적길 5,경상북도 경산시 압량읍 부적리 486-10 ,커피숍
473,휴게음식점,리터킹 경산1호점,"경상북도 경산시 대학로12길 21-2, 1층 103호 (정평동)",경상북도 경산시 정평동 230-13 ,커피숍
474,휴게음식점,정남향,경상북도 경산시 대학로 59-18 (정평동),경상북도 경산시 정평동 130-17 ,커피숍
475,휴게음식점,리터킹 영남대점,"경상북도 경산시 대학로59길 11-9, 1층 (대동)",경상북도 경산시 대동 154-6 ,커피숍
476,휴게음식점,메가엠지씨커피 경산신제공단점,경상북도 경산시 진량읍 공단9로 76,경상북도 경산시 진량읍 신제리 551 ,커피숍
477,휴게음식점,유아이유 경산시청점,"경상북도 경산시 원효로 9, 1층 (중방동)",경상북도 경산시 중방동 870-16 ,커피숍
478,휴게음식점,임당724 샌드카페 경산본점,"경상북도 경산시 남매공원로1길 27, 블루핀 임당 제니스 오피스텔 2층 205호 (계양동)",경상북도 경산시 계양동 724 블루핀 임당 제니스 오피스텔 ,커피숍
479,휴게음식점,모리커피 경산사동점,"경상북도 경산시 백양로33길 13, 1층 (사동)",경상북도 경산시 사동 663-6 ,커피숍
480,휴게음식점,커피프롬(coffee from),경상북도 경산시 자인면 설총로 888,경상북도 경산시 자인면 동부리 206-6 ,커피숍
481,휴게음식점,데이즈(days),"경상북도 경산시 대학로 320, 2층 (조영동)",경상북도 경산시 조영동 324 ,커피숍
482,휴게음식점,휠스카페,"경상북도 경산시 하양읍 가마실길 50, 경일대학교 기숙사(목련관) 지하1층",경상북도 경산시 하양읍 부호리 33 경일대학교 기숙사(목련관) ,커피숍
483,휴게음식점,유아이유(UIU) 경산역점,"경상북도 경산시 경산로 140-1, 1층 (사정동)",경상북도 경산시 사정동 20-19 1층 ,커피숍
